name,phones,email,birthday,notes,tags
Victor Hill,+380934838841,victor.hill.0@bluewin.ch,19-11-1952,Avid Stephen King reader and collector. Owns a first edition of The Shining.,colleague
Emma Miller,+380956879386,emma.miller.1@orange.fr,28-04-2005,Don't forget birthday.,colleague
Elijah Nelson,+380506824124,elijah.nelson.2@ukr.net,20-01-1967,Don't forget birthday.,client
Emily Baker,+380731817190,emily.baker.3@orange.fr,17-03-1991,Don't forget birthday.,neighbor
Wendy Gonzalez,+380895023083,wendy.gonzalez.4@tutanota.com,06-01-1946,Discuss project.,gym
Harper Clark,+380904864045,harper.clark.5@tutanota.com,25-06-1986,Nice guy.,school mate
Noah Lewis,+380502895673,noah.lewis.6@inbox.com,07-03-1985,"Collects vintage cameras from the 1960s, especially Leica models. Practices darkroom development.",colleague
Emma Cruz,+380906718480,emma.cruz.7@outlook.com,06-10-1960,Dedicated Beatles fan who listens only on vinyl. Considers Abbey Road their best work.,cigar club
Ivan Roberts,+380915666739,ivan.roberts.8@proton.me,18-11-1948,Sent invoice.,neighbor
Amelia Wright,+380973071989,amelia.wright.9@aol.com,05-01-1978,Passionate about gardening and growing exotic orchids. Maintains a small greenhouse.,cigar club
Uma Lopez,+380906085370,uma.lopez.10@live.com,01-04-1944,New phone number.,client
Victor Smith,+380929982151,victor.smith.11@ukr.net,25-01-1979,Loves Italian cuisine and makes homemade pasta regularly. Enjoys experimenting with recipes.,family
Aria Wilson,+380915539951,aria.wilson.12@hotmail.com,30-07-1960,Needs updated contract.,colleague
Rose Scott,+380919728912,rose.scott.13@pm.me,22-11-1970,"Prefers single malt scotch, especially Lagavulin 16. Strong dislike for gin.",football team
Eve Baker,+380932281848,eve.baker.14@pm.me,31-08-1964,Meeting next week.,cigar club
Eve Brown,+380998637479,eve.brown.15@yandex.com,16-04-1991,Enjoys hiking in the Swiss Alps and has visited Zermatt multiple times.,work
Andrew Evans,+380911128598,andrew.evans.16@fastmail.com,05-06-1953,Nice guy.,vip
Mike Brown,+380969609960,mike.brown.17@hotmail.com,08-02-1972,Avid Stephen King reader and collector. Owns a first edition of The Shining.,family
John Cruz,+380911725436,john.cruz.18@yandex.com,16-10-2006,Needs updated contract.,client
Caleb Lopez,+380943332158,caleb.lopez.19@yahoo.com,11-11-1995,Don't forget birthday.,book club
Ethan Cruz,+380998006681,ethan.cruz.20@tutanota.com,24-03-1970,Discuss project.,gaming buddy
Leo Baker,+380987090263,leo.baker.21@hey.com,09-07-1976,"Collects vintage cameras from the 1960s, especially Leica models. Practices darkroom development.",family
Andrew Davis,+380502461338,andrew.davis.22@pm.me,11-05-1957,"Prefers single malt scotch, especially Lagavulin 16. Strong dislike for gin.",gym
Matthew Johnson,+380735369190,matthew.johnson.23@icloud.com,11-01-1969,Met at conference.,neighbor
Ryan Rodriguez,+380965194774,ryan.rodriguez.24@outlook.com,29-08-1948,Met at conference.,family
Emily White,+380637111835,emily.white.25@hey.com,23-11-1961,Met at conference.,cigar club
Ethan Allen,+380737358216,ethan.allen.26@inbox.com,29-06-1958,Don't forget birthday.,gaming buddy
Joshua Moore,+380632055214,joshua.moore.27@protonmail.com,29-01-1942,Nice guy.,gym
Michael Evans,+380958187310,michael.evans.28@msn.com,11-07-1981,"Favorite color is azure blue. Loves 80s synth-pop, especially Depeche Mode.",book club
Leo Parker,+380937143224,leo.parker.29@bluewin.ch,10-04-1946,Met at conference.,gym
Nathan Parker,+380675536046,nathan.parker.30@yahoo.com,09-08-1962,Needs updated contract.,neighbor
Mason Parker,+380974520337,mason.parker.31@aol.com,10-09-1941,Sent invoice.,family
Daniel Moore,+380639960028,daniel.moore.32@yandex.com,28-02-1977,Nice guy.,school mate
Paul Martin,+380962084684,paul.martin.33@web.de,07-07-1958,New phone number.,family
Uma Gomez,+380932733685,uma.gomez.34@gmx.com,28-12-2000,Call back later.,friend
Aria Wright,+380918463978,aria.wright.35@ukr.net,03-01-1972,Avid Stephen King reader and collector. Owns a first edition of The Shining.,family
Emily Carter,+380507826485,emily.carter.36@bluewin.ch,23-06-1963,New phone number.,colleague
Michael Diaz,+380916348642,michael.diaz.37@pm.me,03-05-1991,Don't forget birthday.,family
Michael Edwards,+380500250302,michael.edwards.38@gmx.com,13-06-1963,New phone number.,neighbor
Grace Garcia,+380668135903,grace.garcia.39@fastmail.com,09-12-1993,Dedicated Beatles fan who listens only on vinyl. Considers Abbey Road their best work.,gym
Logan Smith,+380972260684,logan.smith.40@gmx.com,08-04-1966,Needs updated contract.,tennis club
Mia Phillips,+380969423022,mia.phillips.41@bluewin.ch,24-04-2002,Met at conference.,book club
Quinn Young,+380507098834,quinn.young.42@yahoo.com,13-03-1999,Passionate about specialty coffee and roasts Ethiopian beans at home.,cigar club
Jane Hall,+380505734496,jane.hall.43@orange.fr,24-03-1952,New phone number.,football team
William Lopez,+380952075451,william.lopez.44@inbox.com,29-10-1942,Call back later.,family
Leo Carter,+380949290037,leo.carter.45@zoho.com,07-10-1984,Nice guy.,book club
Rose Taylor,+380916669674,rose.taylor.46@outlook.com,02-07-1951,Needs updated contract.,neighbor
Rose Baker,+380735707680,rose.baker.47@fastmail.com,29-01-1954,Discuss project.,gym
David Ramirez,+380989517592,david.ramirez.48@gmail.com,05-04-1953,Nice guy.,cigar club
Olivia Moore,+380949954710,olivia.moore.49@hey.com,27-11-1987,Passionate about specialty coffee and roasts Ethiopian beans at home.,school mate
Harper Hernandez,+380982604781,harper.hernandez.50@zoho.com,31-12-1944,"Collects vintage cameras from the 1960s, especially Leica models. Practices darkroom development.",cigar club
Scarlett Parker,+380670496419,scarlett.parker.51@icloud.com,25-09-2007,Meeting next week.,colleague
Benjamin Walker,+380684962268,benjamin.walker.52@zoho.com,20-04-2001,Discuss project.,work
James Cruz,+380900100925,james.cruz.53@inbox.com,26-11-1964,New phone number.,friend
Andrew Adams,+380936969183,andrew.adams.54@hey.com,22-06-1993,Don't forget birthday.,school mate
Daniel Adams,+380970891965,daniel.adams.55@hey.com,07-08-1964,Nice guy.,vip
Matthew Lopez,+380999091958,matthew.lopez.56@bluewin.ch,27-05-1960,Passionate about gardening and growing exotic orchids. Maintains a small greenhouse.,work
Amelia Miller,+380987775837,amelia.miller.57@ukr.net,20-08-1985,New phone number.,friend
Dylan Parker,+380941147436,dylan.parker.58@live.com,09-06-1981,Enjoys hiking in the Swiss Alps and has visited Zermatt multiple times.,cigar club
Dylan Carter,+380503574023,dylan.carter.59@proton.me,07-07-2005,Discuss project.,football team
Jack Robinson,+380911240149,jack.robinson.60@inbox.com,10-08-1968,"Favorite color is azure blue. Loves 80s synth-pop, especially Depeche Mode.",client
Zack Turner,+380897661893,zack.turner.61@msn.com,22-04-1944, owe him $5.,colleague
Emma Diaz,+380958747176,emma.diaz.62@icloud.com,23-08-1993,Met at conference.,tennis club
Paul Adams,+380677780219,paul.adams.63@live.com,18-05-1961,Loves Italian cuisine and makes homemade pasta regularly. Enjoys experimenting with recipes.,tennis club
Michael Martin,+380944450469,michael.martin.64@proton.me,26-02-1941,Needs updated contract.,school mate
Sebastian Thomas,+380733998510,sebastian.thomas.65@live.com,24-03-2001,Nice guy.,family
Olivia Brown,+380922581502,olivia.brown.66@live.com,09-12-1983,Dedicated Beatles fan who listens only on vinyl. Considers Abbey Road their best work.,gym
Victoria Moore,+380981054223,victoria.moore.67@tutanota.com,04-10-1965,Met at conference.,vip
William Gomez,+380639528213,william.gomez.68@proton.me,10-03-1978,Met at conference.,friend
Andrew Lee,+380913170722,andrew.lee.69@orange.fr,28-07-1970,Don't forget birthday.,football team
Ryan Baker,+380927771963,ryan.baker.70@bluewin.ch,14-07-1999,Dedicated Beatles fan who listens only on vinyl. Considers Abbey Road their best work.,cigar club
Isaac Lopez,+380506030708,isaac.lopez.71@gmail.com,25-05-1953,Loves Italian cuisine and makes homemade pasta regularly. Enjoys experimenting with recipes.,vip
Scarlett Green,+380685750813,scarlett.green.72@gmx.com,09-09-1954,Met at conference.,tennis club
Scarlett Campbell,+380992836824,scarlett.campbell.73@proton.me,24-12-1981,Met at conference.,friend
Scarlett Hall,+380912027487,scarlett.hall.74@zoho.com,20-03-1941,Call back later.,neighbor
Emily Allen,+380950038526,emily.allen.75@aol.com,08-05-1960,Passionate about specialty coffee and roasts Ethiopian beans at home.,friend
Victoria Rivera,+380966921136,victoria.rivera.76@yahoo.com,25-05-1970,New phone number.,tennis club
Aria Lee,+380967599417,aria.lee.77@outlook.com,22-02-1950,Passionate about specialty coffee and roasts Ethiopian beans at home.,vip
Caleb Lopez 78,+380998475652,caleb.lopez.78.78@outlook.com,01-02-1994,New phone number.,gaming buddy
Harper White,+380959024260,harper.white.79@proton.me,04-03-1999,Passionate about gardening and growing exotic orchids. Maintains a small greenhouse.,book club
Caleb Taylor,+380903383629,caleb.taylor.80@aol.com,10-05-1960, owe him $5.,cigar club
Bob Baker,+380914937797,bob.baker.81@zoho.com,16-03-2006,Discuss project.,gaming buddy
Julian Rivera,+380632178714,julian.rivera.82@gmail.com,14-04-1960,Discuss project.,colleague
Sophia Williams,+380971346303,sophia.williams.83@pm.me,24-12-1963,"Collects vintage cameras from the 1960s, especially Leica models. Practices darkroom development.",vip
Steve Robinson,+380736645962,steve.robinson.84@icloud.com,29-08-1959, owe him $5.,work
Alice Scott,+380988044798,alice.scott.85@yahoo.com,09-03-1983,Discuss project.,colleague
Charlie Rodriguez,+380965041629,charlie.rodriguez.86@outlook.com,17-12-1994,New phone number.,colleague
Christopher Baker,+380935686528,christopher.baker.87@mail.com,08-02-1963,"Favorite color is azure blue. Loves 80s synth-pop, especially Depeche Mode.",gaming buddy
Hannah Perez,+380730321370,hannah.perez.88@yandex.com,20-02-1989,Enjoys psychological thrillers like Shutter Island and Inception. Big fan of Christopher Nolan.,neighbor
Xander Nelson,+380936408329,xander.nelson.89@live.com,18-05-1988,Discuss project.,cigar club
Isabella Anderson,+380985570739,isabella.anderson.90@live.com,20-03-1959,"Prefers single malt scotch, especially Lagavulin 16. Strong dislike for gin.",work
Zack Roberts,+380631289519,zack.roberts.91@proton.me,13-02-1993,Met at conference.,vip
Julian Martinez,+380504402073,julian.martinez.92@inbox.com,30-08-1958,Don't forget birthday.,client
Elijah Jones,+380896545057,elijah.jones.93@zoho.com,01-04-1957,Call back later.,friend
Steve Torres,+380895780374,steve.torres.94@pm.me,17-11-1942,Don't forget birthday.,family
Logan Hernandez,+380506771530,logan.hernandez.95@fastmail.com,25-12-2000,Discuss project.,book club
James Robinson,+380997815950,james.robinson.96@mail.com,01-10-1983,Nice guy.,family
Bob Baker 97,+380950004506,bob.baker.97.97@msn.com,20-05-2007,Passionate about specialty coffee and roasts Ethiopian beans at home.,school mate
Eve Carter,+380996082021,eve.carter.98@protonmail.com,13-04-1991,"Collects vintage cameras from the 1960s, especially Leica models. Practices darkroom development.",gaming buddy
Grace Miller,+380734582657,grace.miller.99@web.de,21-05-1957,Passionate about specialty coffee and roasts Ethiopian beans at home.,family
Mason Flores,+380901577976,mason.flores.100@inbox.com,23-07-1955,"Collects vintage cameras from the 1960s, especially Leica models. Practices darkroom development.",colleague
Frank Martinez,+380983421311,frank.martinez.101@bluewin.ch,27-09-1977,New phone number.,gym
Jane Adams,+380940828071,jane.adams.102@fastmail.com,18-05-1951,Don't forget birthday.,client
Ethan Thomas,+380738386965,ethan.thomas.103@aol.com,16-10-1959,Don't forget birthday.,client
Emily Gonzalez,+380896465011,emily.gonzalez.104@icloud.com,25-05-1990,Needs updated contract.,book club
Matthew Jackson,+380925097369,matthew.jackson.105@outlook.com,18-05-1958,Needs updated contract.,client
Leo King,+380927328731,leo.king.106@inbox.com,10-02-1972,Loves Italian cuisine and makes homemade pasta regularly. Enjoys experimenting with recipes.,family
Evelyn Evans,+380946087490,evelyn.evans.107@protonmail.com,18-07-1949, owe him $5.,gym
William Lopez 108,+380941394247,william.lopez.108.108@zoho.com,02-11-1992,Passionate about gardening and growing exotic orchids. Maintains a small greenhouse.,tennis club
Andrew White,+380895081786,andrew.white.109@protonmail.com,02-01-1995,Nice guy.,work
Sophia Evans,+380945422530,sophia.evans.110@proton.me,03-07-1948,Meeting next week.,gaming buddy
Alice Williams,+380673638161,alice.williams.111@web.de,27-10-1972,Discuss project.,colleague
Mason Miller,+380683039249,mason.miller.112@inbox.com,20-10-1975,Nice guy.,work
Joshua Parker,+380913074235,joshua.parker.113@live.com,26-06-1980, owe him $5.,client
Xander Allen,+380967825238,xander.allen.114@icloud.com,15-06-2004,"Collects vintage cameras from the 1960s, especially Leica models. Practices darkroom development.",vip
Tom Nguyen,+380953962733,tom.nguyen.115@tutanota.com,21-09-1993,Discuss project.,school mate
Steve Harris,+380906874673,steve.harris.116@yahoo.com,28-02-1971,Dedicated Beatles fan who listens only on vinyl. Considers Abbey Road their best work.,tennis club
Benjamin Edwards,+380930219365,benjamin.edwards.117@outlook.com,14-05-1958,Nice guy.,gaming buddy
Daniel Green,+380685317123,daniel.green.118@hey.com,02-02-1967,Discuss project.,tennis club
Isabella Williams,+380667758463,isabella.williams.119@mail.com,03-12-1978,New phone number.,colleague
Mike Wilson,+380737855719,mike.wilson.120@bluewin.ch,17-08-1965,Call back later.,colleague
Andrew Miller,+380965355125,andrew.miller.121@inbox.com,02-08-1969,Discuss project.,family
Ava Rivera,+380679064330,ava.rivera.122@fastmail.com,20-11-1977,Needs updated contract.,cigar club
Joshua Martinez,+380962556081,joshua.martinez.123@orange.fr,29-09-1980,Discuss project.,cigar club
Hannah Hill,+380971738909,hannah.hill.124@fastmail.com,20-10-1950,Enjoys hiking in the Swiss Alps and has visited Zermatt multiple times.,football team
Ethan Rodriguez,+380951081278,ethan.rodriguez.125@pm.me,03-10-1946,"Favorite color is azure blue. Loves 80s synth-pop, especially Depeche Mode.",school mate
Ava Rivera 126,+380968427771,ava.rivera.126.126@outlook.com,03-04-1966, owe him $5.,vip
Lucas Evans,+380895865353,lucas.evans.127@protonmail.com,25-01-1979,Discuss project.,work
Paul Allen,+380959420775,paul.allen.128@outlook.com,18-01-1963,New phone number.,family
Charlie Sanchez,+380953566710,charlie.sanchez.129@protonmail.com,30-01-1958,Sent invoice.,gaming buddy
Wendy King,+380500058967,wendy.king.130@msn.com,05-08-1958,Don't forget birthday.,football team
Mia Turner,+380957296108,mia.turner.131@yahoo.com,01-06-2000,Nice guy.,football team
Christopher Nelson,+380631438171,christopher.nelson.132@hey.com,07-06-1962,Discuss project.,gym
Oliver Nguyen,+380665306641,oliver.nguyen.133@fastmail.com,18-10-1968,Avid Stephen King reader and collector. Owns a first edition of The Shining.,tennis club
Alice Flores,+380669399263,alice.flores.134@mail.com,08-06-1956,"Collects vintage cameras from the 1960s, especially Leica models. Practices darkroom development.",football team
Uma Baker,+380730033849,uma.baker.135@gmx.com,24-05-2002,Needs updated contract.,gaming buddy
Isabella Davis,+380933329013,isabella.davis.136@live.com,06-07-1984,Don't forget birthday.,colleague
Matthew Lopez 137,+380670934370,matthew.lopez.137.137@mail.com,05-08-1959,New phone number.,school mate
Benjamin Campbell,+380958588996,benjamin.campbell.138@gmail.com,27-05-1947,Met at conference.,vip
Benjamin Lewis,+380688443582,benjamin.lewis.139@web.de,20-01-1969,Don't forget birthday.,work
Jane Gomez,+380684164833,jane.gomez.140@hotmail.com,11-09-1952,Discuss project.,client
Daniel King,+380932819267,daniel.king.141@pm.me,26-06-1993,Discuss project.,book club
Victor Torres,+380736001010,victor.torres.142@proton.me,21-11-1948,Nice guy.,gym
Emily Nguyen,+380923492972,emily.nguyen.143@aol.com,06-11-1975,Nice guy.,tennis club
Aaron Lewis,+380964354821,aaron.lewis.144@hotmail.com,21-12-1955,Met at conference.,school mate
Joseph Brown,+380967929306,joseph.brown.145@yandex.com,04-05-1990,Nice guy.,work
Harper Phillips,+380941365724,harper.phillips.146@orange.fr,11-06-2004,Avid Stephen King reader and collector. Owns a first edition of The Shining.,colleague
Abigail Brown,+380911055844,abigail.brown.147@mail.com,24-06-1998,New phone number.,gaming buddy
Mason Martin,+380945689992,mason.martin.148@outlook.com,25-10-2002,Nice guy.,gym
Alice Rivera,+380991222515,alice.rivera.149@mail.com,26-01-1952,Meeting next week.,neighbor
Sebastian Sanchez,+380908160717,sebastian.sanchez.150@mail.com,16-08-1993,Nice guy.,client
Samuel Torres,+380910941891,samuel.torres.151@tutanota.com,26-03-1982,Dedicated Beatles fan who listens only on vinyl. Considers Abbey Road their best work.,football team
Charlie Thomas,+380952990600,charlie.thomas.152@web.de,21-09-1981,Dedicated Beatles fan who listens only on vinyl. Considers Abbey Road their best work.,neighbor
Ivan Scott,+380990027178,ivan.scott.153@proton.me,21-01-1957,Met at conference.,gym
Liam Cruz,+380968799308,liam.cruz.154@gmail.com,07-07-1987,"Favorite color is azure blue. Loves 80s synth-pop, especially Depeche Mode.",family
Jack Hall,+380937460851,jack.hall.155@web.de,06-01-2007,Discuss project.,friend
Kathy Harris,+380672059600,kathy.harris.156@inbox.com,15-11-2002,"Prefers single malt scotch, especially Lagavulin 16. Strong dislike for gin.",colleague
Nina Martin,+380994244588,nina.martin.157@aol.com,14-05-1956,Call back later.,vip
James Lee,+380921211743,james.lee.158@inbox.com,14-07-1995,Don't forget birthday.,client
Isabella Moore,+380939494194,isabella.moore.159@icloud.com,31-05-1978,Met at conference.,colleague
Victoria Lopez,+380903383989,victoria.lopez.160@bluewin.ch,29-03-1959,Call back later.,work
Matthew Anderson,+380995725974,matthew.anderson.161@hotmail.com,19-11-1967,Call back later.,cigar club
Benjamin Evans,+380908608212,benjamin.evans.162@live.com,25-11-1961,Loves Italian cuisine and makes homemade pasta regularly. Enjoys experimenting with recipes.,gym
Sebastian Robinson,+380503066444,sebastian.robinson.163@tutanota.com,11-10-1975,"Prefers single malt scotch, especially Lagavulin 16. Strong dislike for gin.",school mate
Elijah Nelson 164,+380953772768,elijah.nelson.164.164@ukr.net,25-04-1972,Nice guy.,gym
Mason Williams,+380672284756,mason.williams.165@zoho.com,08-09-1959,Met at conference.,school mate
Frank Garcia,+380670617993,frank.garcia.166@ukr.net,13-10-1971,Call back later.,friend
Evelyn Rivera,+380677224846,evelyn.rivera.167@inbox.com,30-07-1988,Met at conference.,gaming buddy
Victoria Gonzalez,+380978773755,victoria.gonzalez.168@fastmail.com,11-02-1945,Dedicated Beatles fan who listens only on vinyl. Considers Abbey Road their best work.,work
Leo Parker 169,+380924860392,leo.parker.169.169@orange.fr,28-11-1965,Nice guy.,book club
Grace Diaz,+380965234832,grace.diaz.170@outlook.com,24-11-1952,Don't forget birthday.,friend
Christopher Baker 171,+380681025194,christopher.baker.171.171@icloud.com,23-07-1986,Don't forget birthday.,book club
Aria Nguyen,+380931128026,aria.nguyen.172@gmail.com,31-10-1949,Nice guy.,vip
Logan Thomas,+380987679682,logan.thomas.173@orange.fr,15-04-1957,Needs updated contract.,friend
Lucas Thomas,+380963471682,lucas.thomas.174@pm.me,28-08-1976,Don't forget birthday.,school mate
Uma Wilson,+380662387656,uma.wilson.175@zoho.com,24-05-1992,Needs updated contract.,gaming buddy
Daniel Wilson,+380909151212,daniel.wilson.176@mail.com,19-02-1987,Meeting next week.,client
Alice Williams 177,+380900818722,alice.williams.177.177@proton.me,29-05-1969,Passionate about gardening and growing exotic orchids. Maintains a small greenhouse.,book club
Amelia Moore,+380892540519,amelia.moore.178@mail.com,02-07-1999,New phone number.,tennis club
Benjamin Turner,+380978352748,benjamin.turner.179@msn.com,31-03-1941,Enjoys psychological thrillers like Shutter Island and Inception. Big fan of Christopher Nolan.,work
Jacob Sanchez,+380631588344,jacob.sanchez.180@yahoo.com,08-02-1992,Sent invoice.,school mate
Nina Martin 181,+380920156890,nina.martin.181.181@gmail.com,12-11-1960,Don't forget birthday.,book club
Wendy Williams,+380939755165,wendy.williams.182@gmail.com,13-07-1976,Needs updated contract.,vip
Tom Garcia,+380955835485,tom.garcia.183@icloud.com,20-10-1997,Nice guy.,work
Leo Moore,+380991444608,leo.moore.184@tutanota.com,08-08-1952,New phone number.,gaming buddy
Hannah Baker,+380987164654,hannah.baker.185@mail.com,27-05-1948,Nice guy.,gaming buddy
Ethan Gonzalez,+380953894600,ethan.gonzalez.186@yandex.com,06-04-1992,Dedicated Beatles fan who listens only on vinyl. Considers Abbey Road their best work.,book club
Kathy Campbell,+380671534087,kathy.campbell.187@proton.me,02-09-2005, owe him $5.,gym
Alexander Sanchez,+380738851027,alexander.sanchez.188@icloud.com,22-04-1951,Discuss project.,client
Mason Rivera,+380926172663,mason.rivera.189@outlook.com,09-08-1945,Nice guy.,work
Grace Evans,+380990519505,grace.evans.190@gmail.com,25-10-2004,New phone number.,family
Lucas Wright,+380735648968,lucas.wright.191@yandex.com,04-09-2007,Don't forget birthday.,cigar club
Samuel Green,+380733484332,samuel.green.192@msn.com,22-10-1978,Don't forget birthday.,work
Oscar Smith,+380962018612,oscar.smith.193@mail.com,07-10-1986,Discuss project.,work
Frank Robinson,+380944427912,frank.robinson.194@live.com,23-08-1982,Sent invoice.,school mate
Hannah Taylor,+380947382850,hannah.taylor.195@live.com,13-07-1944,Met at conference.,gaming buddy
Nathan Mitchell,+380996105819,nathan.mitchell.196@web.de,17-04-1985, owe him $5.,gym
Jane Thomas,+380994548549,jane.thomas.197@bluewin.ch,18-02-1942,Needs updated contract.,colleague
Paul Harris,+380666291688,paul.harris.198@tutanota.com,03-12-1953, owe him $5.,gaming buddy
Noah Scott,+380945045418,noah.scott.199@gmail.com,25-05-1985,Needs updated contract.,football team
Jack,+380896651732,jack.200@bluewin.ch,05-03-2000,Meeting next week.,family
Mia,+380500703419,mia.201@tutanota.com,07-09-1954,New phone number.,work
Sebastian,+380734151253,sebastian.202@outlook.com,05-02-1957,"Favorite color is azure blue. Loves 80s synth-pop, especially Depeche Mode.",gaming buddy
Michael,+380929541012,michael.203@zoho.com,08-07-1956,Nice guy.,school mate
Zack,+380631716033,zack.204@icloud.com,07-01-1997,Passionate about specialty coffee and roasts Ethiopian beans at home.,football team
Jane,+380913241460,jane.205@orange.fr,06-08-1998,Needs updated contract.,football team
Mike,+380738492444,mike.206@ukr.net,16-02-1990,New phone number.,client
Michael 207,+380969664232,michael.207.207@tutanota.com,26-04-1956,Needs updated contract.,family
Aaron,+380638847546,aaron.208@protonmail.com,04-12-1950,Dedicated Beatles fan who listens only on vinyl. Considers Abbey Road their best work.,colleague
David,+380970086637,david.209@msn.com,17-07-1950,Call back later.,neighbor
Yara,+380923112705,yara.210@gmx.com,02-12-1992,Needs updated contract.,gaming buddy
Sophia,+380926358573,sophia.211@icloud.com,09-04-1944,Nice guy.,colleague
Joseph,+380977872866,joseph.212@outlook.com,03-06-1954,Don't forget birthday.,client
Lucas,+380686256724,lucas.213@live.com,05-06-1983,Nice guy.,gaming buddy
Xander,+380893428479,xander.214@zoho.com,03-12-1960,Nice guy.,gaming buddy
Evelyn,+380730074693,evelyn.215@web.de,13-02-1960,"Favorite color is azure blue. Loves 80s synth-pop, especially Depeche Mode.",gaming buddy
Daniel,+380921834101,daniel.216@hotmail.com,22-10-1958, owe him $5.,neighbor
Bob,+380660422384,bob.217@ukr.net,22-07-1996,Enjoys hiking in the Swiss Alps and has visited Zermatt multiple times.,school mate
Mike 218,+380891169332,mike.218.218@web.de,15-07-1982,Call back later.,cigar club
Joshua,+380971150344,joshua.219@hotmail.com,10-01-1991, owe him $5.,neighbor
Logan,+380732161638,logan.220@proton.me,09-04-1953,Meeting next week.,school mate
Victor,+380913859636,victor.221@inbox.com,07-02-1966,Nice guy.,client
Abigail,+380998329145,abigail.222@bluewin.ch,22-07-1942,Sent invoice.,vip
Uma,+380927707100,uma.223@hey.com,28-04-1997,Sent invoice.,friend
Ella,+380667733770,ella.224@ukr.net,13-04-1956, owe him $5.,football team
Ethan,+380914608016,ethan.225@fastmail.com,25-02-1968,New phone number.,gaming buddy
Dylan,+380987896850,dylan.226@fastmail.com,16-02-1982,Discuss project.,friend
Ella 227,+380734051656,ella.227.227@hey.com,05-08-1963,Nice guy.,work
Eve,+380917596584,eve.228@orange.fr,19-10-2005,Sent invoice.,school mate
Jane 229,+380959643957,jane.229.229@outlook.com,04-04-1998,New phone number.,gaming buddy
Yara 230,+380663678397,yara.230.230@fastmail.com,05-10-2000,Discuss project.,school mate
Victoria,+380938275015,victoria.231@gmail.com,08-03-1946,Discuss project.,client
Nathan,+380734930208,nathan.232@aol.com,26-03-1946,Nice guy.,vip
Zack 233,+380633691669,zack.233.233@mail.com,02-06-1967, owe him $5.,football team
Alice,+380956920459,alice.234@mail.com,30-10-1968,New phone number.,colleague
Nathan 235,+380680825012,nathan.235.235@inbox.com,23-06-1951,Enjoys psychological thrillers like Shutter Island and Inception. Big fan of Christopher Nolan.,work
Jack 236,+380635658646,jack.236.236@ukr.net,27-05-1947,Call back later.,book club
Jack 237,+380943835566,jack.237.237@live.com,08-02-1986,Meeting next week.,school mate
Amelia,+380678675943,amelia.238@icloud.com,19-03-1973,Nice guy.,gaming buddy
Michael 239,+380903984448,michael.239.239@pm.me,07-07-1990,Nice guy.,client
Quinn,+380924129978,quinn.240@hey.com,07-12-1946,Met at conference.,work
Quinn 241,+380952154124,quinn.241.241@yandex.com,24-10-1970,Sent invoice.,cigar club
Mia 242,+380944419775,mia.242.242@yahoo.com,26-01-1944,Discuss project.,colleague
Jack 243,+380962477931,jack.243.243@zoho.com,10-02-2003,Sent invoice.,family
Aria,+380963908745,aria.244@gmail.com,05-02-1981, owe him $5.,colleague
Emily,+380660744881,emily.245@bluewin.ch,22-06-2000,Enjoys psychological thrillers like Shutter Island and Inception. Big fan of Christopher Nolan.,colleague
Emily 246,+380948687933,emily.246.246@tutanota.com,15-05-1960,New phone number.,neighbor
Benjamin,+380930974985,benjamin.247@outlook.com,20-12-1980,Nice guy.,client
Frank,+380996156057,frank.248@fastmail.com,14-08-1991,Enjoys psychological thrillers like Shutter Island and Inception. Big fan of Christopher Nolan.,school mate
Benjamin 249,+380678498579,benjamin.249.249@tutanota.com,04-02-1961,"Favorite color is azure blue. Loves 80s synth-pop, especially Depeche Mode.",neighbor
Henry,+380921385523,henry.250@msn.com,04-09-1946,Sent invoice.,book club
Joshua 251,+380904038724,joshua.251.251@protonmail.com,22-05-1945,Nice guy.,gaming buddy
Lucas 252,+380990369545,lucas.252.252@hey.com,07-09-1949,"Prefers single malt scotch, especially Lagavulin 16. Strong dislike for gin.",cigar club
Oscar,+380972966394,oscar.253@hotmail.com,19-02-1979,Meeting next week.,cigar club
William,+380943249962,william.254@live.com,18-07-1974,Discuss project.,family
Jane 255,+380990967546,jane.255.255@pm.me,29-06-1944,New phone number.,tennis club
Samuel,+380731560487,samuel.256@hotmail.com,18-04-1988, owe him $5.,tennis club
John,+380907309792,john.257@orange.fr,14-05-1981,Needs updated contract.,tennis club
Ethan 258,+380991319804,ethan.258.258@gmail.com,05-07-1960,Don't forget birthday.,gaming buddy
Wendy,+380961736975,wendy.259@inbox.com,15-11-1993,Call back later.,tennis club
Samuel 260,+380994420616,samuel.260.260@tutanota.com,06-09-1976,Don't forget birthday.,vip
Jane 261,+380680503617,jane.261.261@mail.com,16-06-1952,Nice guy.,client
Sebastian 262,+380683550429,sebastian.262.262@tutanota.com,20-07-1949,Needs updated contract.,book club
Caleb,+380961749091,caleb.263@live.com,30-04-1990,Don't forget birthday.,gym
Samuel 264,+380892917188,samuel.264.264@gmx.com,19-04-1974,Discuss project.,friend
Andrew,+380961505152,andrew.265@msn.com,28-10-1945,Passionate about specialty coffee and roasts Ethiopian beans at home.,school mate
Steve,+380937468943,steve.266@gmail.com,30-03-1947,Passionate about gardening and growing exotic orchids. Maintains a small greenhouse.,work
Kathy,+380893427512,kathy.267@gmail.com,31-07-2000,"Collects vintage cameras from the 1960s, especially Leica models. Practices darkroom development.",book club
Samuel 268,+380737029678,samuel.268.268@inbox.com,04-12-2005,Call back later.,football team
Grace,+380662906314,grace.269@gmail.com,05-05-1948,Meeting next week.,vip
Nina,+380668567815,nina.270@proton.me,08-04-1979,Meeting next week.,school mate
Benjamin 271,+380948873568,benjamin.271.271@msn.com,11-01-1967,Met at conference.,school mate
Mike 272,+380953719426,mike.272.272@live.com,20-04-1961,"Favorite color is azure blue. Loves 80s synth-pop, especially Depeche Mode.",friend
Abigail 273,+380972628305,abigail.273.273@orange.fr,11-04-1959,"Collects vintage cameras from the 1960s, especially Leica models. Practices darkroom development.",colleague
Xander 274,+380903685198,xander.274.274@yandex.com,10-04-1992, owe him $5.,tennis club
Ella 275,+380638211995,ella.275.275@icloud.com,07-05-2004,Dedicated Beatles fan who listens only on vinyl. Considers Abbey Road their best work.,gaming buddy
James,+380688219054,james.276@msn.com,22-03-2002,Discuss project.,friend
Eve 277,+380990739128,eve.277.277@proton.me,11-02-1999,Discuss project.,friend
Alice 278,+380969269224,alice.278.278@msn.com,14-02-1972,Discuss project.,friend
Evelyn 279,+380892155333,evelyn.279.279@yandex.com,11-05-1946,Avid Stephen King reader and collector. Owns a first edition of The Shining.,client
Henry 280,+380920425044,henry.280.280@zoho.com,16-07-2004,"Prefers single malt scotch, especially Lagavulin 16. Strong dislike for gin.",tennis club
Nathan 281,+380951237409,nathan.281.281@mail.com,27-02-1942,Needs updated contract.,gym
Isaac,+380933778632,isaac.282@outlook.com,22-11-1963,Nice guy.,neighbor
Oliver,+380894429717,oliver.283@zoho.com,29-06-1979,Sent invoice.,football team
Dylan 284,+380999445799,dylan.284.284@yahoo.com,27-02-1946,Sent invoice.,family
Xander 285,+380635007481,xander.285.285@aol.com,05-04-1998,Meeting next week.,gym
Alice 286,+380992603341,alice.286.286@ukr.net,07-10-1977,Call back later.,gym
David 287,+380680013182,david.287.287@live.com,19-11-1962,Discuss project.,colleague
Dylan 288,+380984362151,dylan.288.288@web.de,11-05-2000,Enjoys psychological thrillers like Shutter Island and Inception. Big fan of Christopher Nolan.,vip
Daniel 289,+380963053111,daniel.289.289@gmail.com,14-12-1999,Met at conference.,family
Ryan,+380940884913,ryan.290@gmx.com,05-03-1976,Call back later.,cigar club
William 291,+380974682824,william.291.291@proton.me,04-08-2002,Dedicated Beatles fan who listens only on vinyl. Considers Abbey Road their best work.,cigar club
Matthew,+380939153251,matthew.292@yahoo.com,29-07-1961, owe him $5.,vip
Scarlett,+380943882727,scarlett.293@mail.com,15-03-1955,Sent invoice.,book club
Mia 294,+380633411293,mia.294.294@icloud.com,18-09-1940, owe him $5.,book club
Kathy 295,+380916027128,kathy.295.295@hey.com,27-12-1988,Met at conference.,neighbor
Eve 296,+380676858344,eve.296.296@fastmail.com,25-11-1995,Discuss project.,neighbor
Eve 297,+380894798745,eve.297.297@inbox.com,09-08-1990,Met at conference.,book club
Kathy 298,+380985565339,kathy.298.298@orange.fr,08-02-1974,Meeting next week.,cigar club
William 299,+380902131891,william.299.299@protonmail.com,14-10-1956,Don't forget birthday.,book club
Olivia,+380630019333,olivia.300@gmx.com,29-07-1954,Met at conference.,work
Nina 301,+380893976384,nina.301.301@yandex.com,12-09-1954,Nice guy.,school mate
Isaac 302,+380632034921,isaac.302.302@gmx.com,18-07-1949,"Prefers single malt scotch, especially Lagavulin 16. Strong dislike for gin.",tennis club
Bob 303,+380508702980,bob.303.303@live.com,26-01-1958,Call back later.,vip
William 304,+380983791879,william.304.304@ukr.net,05-08-1978,Call back later.,
Hannah,+380509597108,hannah.305@mail.com,30-01-1991, owe him $5.,
Uma 306,+380939180429,uma.306.306@tutanota.com,20-06-1975,"Favorite color is azure blue. Loves 80s synth-pop, especially Depeche Mode.",
Henry 307,+380928979938,henry.307.307@yandex.com,13-11-1947,Met at conference.,
Amelia 308,+380636388035,amelia.308.308@aol.com,13-04-1952,Dedicated Beatles fan who listens only on vinyl. Considers Abbey Road their best work.,
William 309,+380931453992,william.309.309@proton.me,20-04-1959,Met at conference.,
Kathy 310,+380687903843,kathy.310.310@outlook.com,03-02-1957,Discuss project.,
Ava,+380635689780,ava.311@live.com,31-08-1974,Passionate about specialty coffee and roasts Ethiopian beans at home.,
Aria 312,+380972706274,aria.312.312@pm.me,29-12-2000,Passionate about specialty coffee and roasts Ethiopian beans at home.,
John 313,+380688319169,john.313.313@hotmail.com,07-08-1947,Don't forget birthday.,
Elijah,+380906294096,elijah.314@orange.fr,18-11-1981,Meeting next week.,
Evelyn 315,+380928987196,evelyn.315.315@bluewin.ch,11-01-1990,Passionate about specialty coffee and roasts Ethiopian beans at home.,
William 316,+380969048775,william.316.316@icloud.com,09-12-2003,Passionate about specialty coffee and roasts Ethiopian beans at home.,
Jacob,+380681336708,jacob.317@hey.com,27-03-1989,Passionate about gardening and growing exotic orchids. Maintains a small greenhouse.,
Grace 318,+380910626134,grace.318.318@msn.com,09-06-1952,Nice guy.,
Victoria 319,+380508326194,victoria.319.319@pm.me,27-04-1943,Meeting next week.,
Henry 320,+380955897185,henry.320.320@outlook.com,10-08-2005,Sent invoice.,
Isabella,+380739741623,isabella.321@live.com,01-01-1962,Meeting next week.,
Isabella 322,+380969710864,isabella.322.322@bluewin.ch,07-02-1993,"Prefers single malt scotch, especially Lagavulin 16. Strong dislike for gin.",
Alexander,+380894238984,alexander.323@pm.me,10-12-2006,Met at conference.,
David 324,+380507767532,david.324.324@outlook.com,05-10-2002,"Prefers single malt scotch, especially Lagavulin 16. Strong dislike for gin.",
Hannah 325,+380936838000,hannah.325.325@yahoo.com,17-06-1981,Discuss project.,
Steve 326,+380911189657,steve.326.326@tutanota.com,11-02-2005,Don't forget birthday.,
Oliver 327,+380896582333,oliver.327.327@aol.com,14-09-1986,Passionate about specialty coffee and roasts Ethiopian beans at home.,
Ryan 328,+380987368349,ryan.328.328@gmx.com,25-09-1979,Call back later.,
Benjamin 329,+380977808711,benjamin.329.329@icloud.com,25-12-1971,Sent invoice.,
William 330,+380635015356,william.330.330@outlook.com,10-01-2004,Don't forget birthday.,
Victor 331,+380671254721,victor.331.331@icloud.com,18-06-1976,Discuss project.,
Victoria 332,+380682896989,victoria.332.332@tutanota.com,13-03-1978,Call back later.,
Wendy 333,+380687970488,wendy.333.333@tutanota.com,16-09-1976,Discuss project.,
Henry 334,+380985122170,henry.334.334@fastmail.com,19-03-1957,Call back later.,
Ava 335,+380893161115,ava.335.335@yahoo.com,16-02-1981, owe him $5.,
Christopher,+380943740768,christopher.336@icloud.com,02-07-1940, owe him $5.,
Sophia 337,+380992374477,sophia.337.337@fastmail.com,07-06-1970,Discuss project.,
David 338,+380685163010,david.338.338@hotmail.com,22-04-1991,"Prefers single malt scotch, especially Lagavulin 16. Strong dislike for gin.",
Michael 339,+380676176382,michael.339.339@ukr.net,11-11-1974, owe him $5.,
Jack 340,+380943999604,jack.340.340@live.com,06-04-1997,Needs updated contract.,
Aria 341,+380893055267,aria.341.341@web.de,27-09-1946,Needs updated contract.,
Mike 342,+380962080523,mike.342.342@proton.me,03-09-1942,Loves Italian cuisine and makes homemade pasta regularly. Enjoys experimenting with recipes.,
Mike 343,+380958279904,mike.343.343@bluewin.ch,30-08-1971,Needs updated contract.,
David 344,+380501954415,david.344.344@hotmail.com,30-03-2000,Passionate about gardening and growing exotic orchids. Maintains a small greenhouse.,
Wendy 345,+380903274839,wendy.345.345@hotmail.com,16-04-2002,Passionate about specialty coffee and roasts Ethiopian beans at home.,
Liam,+380681678232,liam.346@ukr.net,22-04-1961,Needs updated contract.,
Xander 347,+380668790300,xander.347.347@hotmail.com,07-06-1988,Nice guy.,
Eve 348,+380665669679,eve.348.348@icloud.com,17-04-1956,,
Bob 349,+380939224163,bob.349.349@live.com,11-11-2002,,
Leo,+380638036026,leo.350@ukr.net,11-05-1987,,
Lucas 351,+380970303531,lucas.351.351@hey.com,23-02-1956,,
Mason,+380986629723,mason.352@mail.com,09-06-1948,,
Andrew 353,+380734716546,andrew.353.353@pm.me,21-06-1968,,
Lucas 354,+380936343362,lucas.354.354@protonmail.com,01-04-1979,,
Alice 355,+380958982761,alice.355.355@pm.me,20-02-1977,,
Andrew 356,+380963971288,andrew.356.356@pm.me,29-05-2007,,
Emily 357,+380899727161,emily.357.357@yandex.com,16-02-1985,,
Tom,+380948776956,tom.358@bluewin.ch,26-08-1955,,
Frank 359,+380955222275,frank.359.359@yandex.com,04-07-1995,,
Matthew 360,+380899011981,matthew.360.360@live.com,06-03-1948,,
Yara 361,+380966187648,yara.361.361@msn.com,27-05-1992,,
Mason 362,+380903074869,mason.362.362@yahoo.com,07-09-1946,,
Tom 363,+380971384703,tom.363.363@icloud.com,09-02-1973,,
Noah,+380661564490,noah.364@web.de,06-04-1997,,
Bob 365,+380922892810,bob.365.365@gmx.com,16-04-2006,,
Samuel 366,+380905433413,samuel.366.366@proton.me,26-10-1977,,
Ivan,+380679986315,ivan.367@zoho.com,05-12-1986,,
Uma 368,+380675513556,uma.368.368@bluewin.ch,09-04-1994,,
Elijah 369,+380990975662,elijah.369.369@msn.com,19-07-1955,,
Alice 370,+380915682049,alice.370.370@aol.com,29-09-1955,,
Caleb 371,+380682742916,caleb.371.371@web.de,19-08-1966,,
Samuel 372,+380949078863,samuel.372.372@ukr.net,17-03-1953,,
Isabella 373,+380935486765,isabella.373.373@inbox.com,10-02-1953,,
Yara 374,+380688569303,yara.374.374@orange.fr,21-03-1943,,
Ethan 375,+380928958109,ethan.375.375@hotmail.com,19-03-1969,,
Sebastian 376,+380891765362,sebastian.376.376@live.com,27-02-1974,,
Mike 377,+380912841757,mike.377.377@ukr.net,21-05-1999,,
Logan 378,+380913424423,logan.378.378@zoho.com,08-12-1998,,
Isabella 379,+380918011648,isabella.379.379@yahoo.com,12-04-1996,,
Mason 380,+380939463529,mason.380.380@yahoo.com,24-08-1978,,
Henry 381,+380941143151,henry.381.381@gmail.com,13-07-1965,,
Steve 382,+380681688664,steve.382.382@gmail.com,05-09-1948,,
James 383,+380660052349,james.383.383@bluewin.ch,02-01-1983,,
Michael 384,+380689459160,michael.384.384@aol.com,20-03-1970,,
Leo 385,+380502194439,leo.385.385@gmail.com,30-05-1975,,
Alexander 386,+380995279288,alexander.386.386@outlook.com,19-05-1947,,
Aria 387,+380966990742,aria.387.387@ukr.net,15-03-1999,,
Lucas 388,+380966945581,lucas.388.388@aol.com,14-12-1955,,
John 389,+380937071327,john.389.389@bluewin.ch,20-02-2000,,
Victoria 390,+380977474371,victoria.390.390@ukr.net,21-03-1990,,
Evelyn 391,+380931813406,evelyn.391.391@inbox.com,14-11-1981,,
Samuel 392,+380678470900,samuel.392.392@fastmail.com,12-06-1990,,
Kathy 393,+380632434568,kathy.393.393@proton.me,19-04-1964,,
Alexander 394,+380739532109,alexander.394.394@gmail.com,03-02-1948,,
Ella 395,+380673991131,ella.395.395@ukr.net,05-06-1948,,
Nathan 396,+380738062308,nathan.396.396@yahoo.com,28-02-1986,,
Mason 397,+380731910840,mason.397.397@yandex.com,28-04-1947,,
Julian,+380630420626,julian.398@gmx.com,06-09-1951,,
Ethan 399,+380973238361,ethan.399.399@hey.com,11-08-1961,,
